{
  "domain": "grid",
  "model": "MultiOutputRegressor(XGBRegressor)",
  "n_buses": 118,
  "n_train": 160,
  "n_test": 40,
  "n_features": 78,
  "generator_buses": [
    1,
    4,
    6,
    8,
    10,
    12,
    15,
    18,
    24,
    25,
    26,
    31,
    32,
    34,
    36,
    40,
    42,
    46,
    49,
    54,
    55,
    56,
    59,
    61,
    65,
    66,
    69,
    70,
    72,
    73,
    74,
    76,
    77,
    79,
    80,
    82,
    85,
    87,
    89,
    91,
    92,
    99,
    100,
    103,
    104,
    105,
    107,
    110,
    111,
    112,
    113,
    116
  ],
  "load_buses": [
    2,
    3,
    5,
    7,
    9,
    11,
    13,
    14,
    16,
    17,
    19,
    20,
    21,
    22,
    23,
    27,
    28,
    29,
    30,
    33,
    35,
    37,
    38,
    39,
    41,
    43,
    44,
    45,
    47,
    48,
    50,
    51,
    52,
    53,
    57,
    58,
    60,
    62,
    63,
    64,
    67,
    68,
    71,
    75,
    78,
    81,
    83,
    84,
    86,
    88,
    90,
    93,
    94,
    95,
    96,
    97,
    98,
    101,
    102,
    106,
    108,
    109,
    114,
    115,
    117,
    118
  ],
  "metrics": {
    "mae_overall": 0.001542092861113162,
    "rmse_overall": 0.003886027094029665,
    "mae_generator_buses": 0.0013818606920884776,
    "mae_load_buses": 0.0016683363882235198,
    "mae_per_bus": {
      "vm_1": 0.0009351895853395964,
      "vm_2": 0.0008412074803858082,
      "vm_3": 0.0010518182193431035,
      "vm_4": 0.0025392582095528915,
      "vm_5": 0.002234155580271374,
      "vm_6": 0.003215649995162767,
      "vm_7": 0.002680933522673468,
      "vm_8": 0.0016815000737815389,
      "vm_9": 0.0001617349712984273,
      "vm_10": 0.0010816877256809687,
      "vm_11": 0.0009835595178052103,
      "vm_12": 0.002014990851281956,
      "vm_13": 0.0020051929329413963,
      "vm_14": 0.0010720797290355133,
      "vm_15": 0.0029807199921537963,
      "vm_16": 0.0008160891788763613,
      "vm_17": 0.0015147808210656144,
      "vm_18": 0.00726917284923842,
      "vm_19": 0.00403306805183955,
      "vm_20": 0.0037721825631780006,
      "vm_21": 0.003269616784003565,
      "vm_22": 0.002761071820353811,
      "vm_23": 0.0009413204365424088,
      "vm_24": 9.656679751712804e-06,
      "vm_25": 5.967532199169234e-07,
      "vm_26": 0.002442940466709059,
      "vm_27": 0.002492307890584855,
      "vm_28": 0.0023054389825376944,
      "vm_29": 0.0027798316521250198,
      "vm_30": 0.001282188744692364,
      "vm_31": 0.00294721239927907,
      "vm_32": 0.0023846175344154953,
      "vm_33": 0.0014697956492040198,
      "vm_34": 0.0004963666574038406,
      "vm_35": 0.0006176964049505407,
      "vm_36": 0.0007561946320918944,
      "vm_37": 0.0005152697581246423,
      "vm_38": 0.0009300806450657784,
      "vm_39": 0.0017026805515483524,
      "vm_40": 0.002754337661549666,
      "vm_41": 0.0021367276870359274,
      "vm_42": 0.0011367506371397496,
      "vm_43": 0.0006667618939139475,
      "vm_44": 0.0013300682058952351,
      "vm_45": 0.0014469587675792982,
      "vm_46": 0.0012978169722904053,
      "vm_47": 0.0008854591310187843,
      "vm_48": 0.0010222899201977776,
      "vm_49": 0.0007491525396793652,
      "vm_50": 0.0009817658922599503,
      "vm_51": 0.0015844165091570106,
      "vm_52": 0.0017133469446787397,
      "vm_53": 0.002131780642491282,
      "vm_54": 0.001136861311421189,
      "vm_55": 0.0011902732833608543,
      "vm_56": 0.0010911871479208969,
      "vm_57": 0.0011093345587193104,
      "vm_58": 0.0016364931053057309,
      "vm_59": 0.0008484590782705858,
      "vm_60": 0.0009320309518061953,
      "vm_61": 0.0009157065453513247,
      "vm_62": 0.0009682739149517617,
      "vm_63": 0.001094887645373993,
      "vm_64": 0.0011101506201111166,
      "vm_65": 0.0016867365970702375,
      "vm_66": 0.0004955308965367222,
      "vm_67": 0.0008422104100467787,
      "vm_68": 0.001248200297832225,
      "vm_69": 4.7273245460865974e-05,
      "vm_70": 0.00034412406330840974,
      "vm_71": 0.00031773586303582844,
      "vm_72": 0.00013263589290363754,
      "vm_73": 0.00031782885357836135,
      "vm_74": 0.004408733536952236,
      "vm_75": 0.0025204693572784707,
      "vm_76": 3.739030134334853e-05,
      "vm_77": 2.445625842099619e-05,
      "vm_78": 0.00020773447064145745,
      "vm_79": 0.00026603774648976676,
      "vm_80": 0.00016462236712159184,
      "vm_81": 0.0007306516072041136,
      "vm_82": 0.005503108575461569,
      "vm_83": 0.00598562612471234,
      "vm_84": 0.004914742624951096,
      "vm_85": 0.004922739050602027,
      "vm_86": 0.0038564969393405867,
      "vm_87": 7.357041301403466e-06,
      "vm_88": 0.0027375315644762753,
      "vm_89": 1.0169571540302736e-05,
      "vm_90": 0.001572276094988012,
      "vm_91": 0.00011973927755315472,
      "vm_92": 7.926591495621138e-05,
      "vm_93": 0.0009737847997770999,
      "vm_94": 0.0015838418560204625,
      "vm_95": 0.002461155259032721,
      "vm_96": 0.0027954611804473393,
      "vm_97": 0.0016512387171667363,
      "vm_98": 0.00039524340960754855,
      "vm_99": 3.419999712607202e-05,
      "vm_100": 0.0003409141213917277,
      "vm_101": 0.00046349211078158814,
      "vm_102": 0.00021695221937330643,
      "vm_103": 0.0019464376680507433,
      "vm_104": 0.0007240093392070213,
      "vm_105": 0.0009657019110930143,
      "vm_106": 0.001934558992770602,
      "vm_107": 0.0009699484267272296,
      "vm_108": 0.0011365015109271904,
      "vm_109": 0.0012733824624482858,
      "vm_110": 0.0013555971222751373,
      "vm_111": 0.0005955274902534335,
      "vm_112": 0.002568462945480493,
      "vm_113": 0.0004382627149147611,
      "vm_114": 0.002621906326560025,
      "vm_115": 0.002566347885292736,
      "vm_116": 0.0014736454794333942,
      "vm_117": 0.0005991605833985392,
      "vm_118": 0.0015186506756980078
    },
    "rmse_per_bus": {
      "vm_1": 0.001252377923930131,
      "vm_2": 0.001481737609756872,
      "vm_3": 0.0014417149186087453,
      "vm_4": 0.006999902292435494,
      "vm_5": 0.006365412467880862,
      "vm_6": 0.009035571228704735,
      "vm_7": 0.009144529893175367,
      "vm_8": 0.006215947209442946,
      "vm_9": 0.000834733507787658,
      "vm_10": 0.0019260164946903577,
      "vm_11": 0.0026524996891049905,
      "vm_12": 0.008961794791919622,
      "vm_13": 0.00373245192725753,
      "vm_14": 0.0017984667140543062,
      "vm_15": 0.005231455254574474,
      "vm_16": 0.0014890656293689811,
      "vm_17": 0.0027058239913503456,
      "vm_18": 0.015769974483699694,
      "vm_19": 0.008291316277543486,
      "vm_20": 0.005967621650479599,
      "vm_21": 0.005026701195385289,
      "vm_22": 0.0040793732382365675,
      "vm_23": 0.001547295655826891,
      "vm_24": 1.0658602957984831e-05,
      "vm_25": 7.242377455088866e-07,
      "vm_26": 0.004644298473571061,
      "vm_27": 0.003947629411103372,
      "vm_28": 0.003850563703853108,
      "vm_29": 0.004025980875726302,
      "vm_30": 0.0024201004357832963,
      "vm_31": 0.003934533838696211,
      "vm_32": 0.003578831520908658,
      "vm_33": 0.002083553470764929,
      "vm_34": 0.0017771980204901476,
      "vm_35": 0.0008748808351404349,
      "vm_36": 0.0011994175098562604,
      "vm_37": 0.002522752843098368,
      "vm_38": 0.002848393093196731,
      "vm_39": 0.0029649371303949257,
      "vm_40": 0.004686629145877188,
      "vm_41": 0.003428281385706457,
      "vm_42": 0.0016922859908058937,
      "vm_43": 0.0012618938885438817,
      "vm_44": 0.0026028288528460587,
      "vm_45": 0.0026832024617695926,
      "vm_46": 0.002985044991205978,
      "vm_47": 0.0014643265993776044,
      "vm_48": 0.0017370375185570455,
      "vm_49": 0.0010481967380372155,
      "vm_50": 0.0017882703374128884,
      "vm_51": 0.0032546622133136282,
      "vm_52": 0.0034710050961523687,
      "vm_53": 0.004421504379394244,
      "vm_54": 0.0019473517389396496,
      "vm_55": 0.0018896161127566937,
      "vm_56": 0.0017790109056037434,
      "vm_57": 0.0022933755916308566,