{
  "domain": "financial",
  "model": "XGBClassifier",
  "n_train": 764,
  "n_test": 192,
  "n_features": 23,
  "target": "next-day return direction (0=down, 1=up)",
  "metrics": {
    "accuracy": 0.5,
    "correct_predictions": 96,
    "total_predictions": 192
  },
  "shap": {
    "n_samples_used": 100,
    "top_features": {
      "volatility_20d": 0.38098660111427307,
      "return_1d": 0.3704250752925873,
      "rsi": 0.29829612374305725,
      "volatility_5d": 0.21316909790039062,
      "bb_position": 0.19322000443935394,
      "volume": 0.1843637079000473,
      "return_5d": 0.1362035721540451,
      "macd_signal": 0.1305844485759735,
      "sma_5": 0.12298326194286346,
      "return_20d": 0.08724360167980194,
      "macd": 0.0826265811920166,
      "sma_20": 0.07258254289627075,
      "dayofweek": 0.06966384500265121,
      "bb_lower": 0.06808338314294815,
      "close": 0.06670591980218887,
      "low": 0.04207490757107735,
      "open": 0.03401511535048485,
      "sma_50": 0.03060709871351719,
      "high": 0.0300651416182518,
      "month": 0.02936902828514576
    },
    "all_features": {
      "volatility_20d": 0.38098660111427307,
      "return_1d": 0.3704250752925873,
      "rsi": 0.29829612374305725,
      "volatility_5d": 0.21316909790039062,
      "bb_position": 0.19322000443935394,
      "volume": 0.1843637079000473,
      "return_5d": 0.1362035721540451,
      "macd_signal": 0.1305844485759735,
      "sma_5": 0.12298326194286346,
      "return_20d": 0.08724360167980194,
      "macd": 0.0826265811920166,
      "sma_20": 0.07258254289627075,
      "dayofweek": 0.06966384500265121,
      "bb_lower": 0.06808338314294815,
      "close": 0.06670591980218887,
      "low": 0.04207490757107735,
      "open": 0.03401511535048485,
      "sma_50": 0.03060709871351719,
      "high": 0.0300651416182518,
      "month": 0.02936902828514576,
      "bb_upper": 0.022117307409644127,
      "momentum": 0.0,
      "bb_mid": 0.0
    }
  },
  "feature_descriptions": "  - close: Closing price\n  - open: Opening price\n  - high: Daily high price\n  - low: Daily low price\n  - volume: Trading volume\n  - return_1d: 1-day return (lagged, feature)\n  - return_5d: 5-day return (lagged, feature)\n  - return_20d: 20-day return (lagged, feature)\n  - sma_5: 5-day simple moving average\n  - sma_20: 20-day simple moving average\n  - sma_50: 50-day simple moving average\n  - volatility_5d: 5-day realized volatility\n  - volatility_20d: 20-day realized volatility\n  - momentum: Price momentum indicator\n  - rsi: Relative Strength Index (0-100)\n  - macd: MACD line value\n  - macd_signal: MACD signal line\n  - bb_mid: Bollinger Band middle band\n  - bb_upper: Bollinger Band upper band\n  - bb_lower: Bollinger Band lower band\n  - bb_position: Bollinger Band position (0-1)\n  - dayofweek: Day of week (0-6)\n  - month: Month (1-12)"
}