{
  "domain": "financial",
  "model": "XGBClassifier",
  "n_train": 764,
  "n_test": 192,
  "n_features": 23,
  "target": "next-day return direction (0=DOWN, 1=UP)",
  "metrics": {
    "accuracy": 0.5,
    "correct": 96,
    "total": 192,
    "confusion_matrix": [
      [
        25,
        60
      ],
      [
        36,
        71
      ]
    ]
  },
  "shap": {
    "n_samples_used": 100,
    "top_features": {
      "volatility_20d": 0.38098660111427307,
      "return_1d": 0.3704250752925873,
      "rsi": 0.29829612374305725,
      "volatility_5d": 0.21316909790039062,
      "bb_position": 0.19322000443935394,
      "volume": 0.1843637079000473,
      "return_5d": 0.1362035721540451,
      "macd_signal": 0.1305844485759735,
      "sma_5": 0.12298326194286346,
      "return_20d": 0.08724360167980194,
      "macd": 0.0826265811920166,
      "sma_20": 0.07258254289627075,
      "dayofweek": 0.06966384500265121,
      "bb_lower": 0.06808338314294815,
      "close": 0.06670591980218887,
      "low": 0.04207490757107735,
      "open": 0.03401511535048485,
      "sma_50": 0.03060709871351719,
      "high": 0.0300651416182518,
      "month": 0.02936902828514576
    }
  }
}